Model,MSE,RMSE,R2,MAE
Basic Linear Regression,0.5247688116928496,0.7244092846539514,0.5171607630484141,0.5372182455005357
Feature Selection Linear Regression,0.5177558311270697,0.7195525214514016,0.5236133991610941,0.5351555609333736
Ridge Regression,0.5255659513729115,0.7249592756651311,0.5164273156592232,0.5390785934535123
